FJNAokhimfg,xZk8qwG0AM8
gbOc1Hw5Ifc,FJNAokhimfg
xs7M3wmoGUc,gbOc1Hw5Ifc
-2hpoIjNSb4,xs7M3wmoGUc
c3OLRBt8TI4,-2hpoIjNSb4
CoBIpAZQYiA,c3OLRBt8TI4
dwR1R-L9HEU,CoBIpAZQYiA
ZfB5I0wmu1s,dwR1R-L9HEU
LJpwQ2da8ss,ZfB5I0wmu1s
yE8oCPmKX0I,LJpwQ2da8ss
TVYgu5tXlX4,yE8oCPmKX0I
VIQ5jto-nUA,TVYgu5tXlX4
xKJjyn8DaAw,VIQ5jto-nUA
m_Eu74e9S_A,xKJjyn8DaAw
oFOPRPufisk,m_Eu74e9S_A
fH4zUvUVXn8,oFOPRPufisk
FO5XLAMh9E0,fH4zUvUVXn8
GlobK-eWDSo,FO5XLAMh9E0
Bwo2oD8cu68,GlobK-eWDSo
764m9ESzLvw,Bwo2oD8cu68
6CCwWCstDGc,764m9ESzLvw
MPoMnU2aGhk,6CCwWCstDGc
gv1SKCt0vnc,MPoMnU2aGhk
FACJs5M1ypQ,gv1SKCt0vnc
H00_PVX2bRw,FACJs5M1ypQ
5c41KiZXh-M,H00_PVX2bRw
uZlSDHHyzoQ,5c41KiZXh-M
_SxlpxqIs-s,uZlSDHHyzoQ
0IgOapAtauM,_SxlpxqIs-s
0xVl2_qvj1I,0IgOapAtauM
a-Xerqadt6I,0xVl2_qvj1I
b3OPl5wS4AQ,a-Xerqadt6I
mabRepmXLGA,b3OPl5wS4AQ
0lBdSoKh5L4,ag4OdO6q5uc
pt-OOSSGezc,0lBdSoKh5L4
1-NW2fKIyLQ,pt-OOSSGezc
BM24sU2Xm7w,1-NW2fKIyLQ
5uic4Y2T9mU,BM24sU2Xm7w
ySTr4TO3IiU,5uic4Y2T9mU
hY6lydCMQB0,ySTr4TO3IiU
FLg6PIIs6ko,hY6lydCMQB0
VIQCMDouxKo,FLg6PIIs6ko
8s4b8mYCMAE,VIQCMDouxKo
AOnQvbPbP4g,8s4b8mYCMAE
KTySRjpj2ss,AOnQvbPbP4g
8XAvd2Ey2mQ,KTySRjpj2ss
jI_D3Bzf0u4,8XAvd2Ey2mQ
3Uxw7F75_-8,jI_D3Bzf0u4
K-_-eGcAJGc,3Uxw7F75_-8
ZJLWP103fKw,K-_-eGcAJGc
vlFdVYAXIxg,ZJLWP103fKw
yhVLhoN5_vE,vlFdVYAXIxg
dAOPcV8jMTo,yhVLhoN5_vE
bgHodJrPnAg,dAOPcV8jMTo
YGnJyipLKrM,bgHodJrPnAg
F41ED0tK4TA,YGnJyipLKrM
OC7wDFnCimw,F41ED0tK4TA
vWU1Ct271vQ,OC7wDFnCimw
OI4cYnHCHu4,vWU1Ct271vQ
mARX-dNTucY,OI4cYnHCHu4
VmnzH3GZiKw,mARX-dNTucY
w-WIQ41cDXI,VmnzH3GZiKw
X0oVLO5huc0,w-WIQ41cDXI
8z4zUjsZZrs,X0oVLO5huc0
LRGpZI_qPSk,8z4zUjsZZrs
KHGxigA8Jko,LRGpZI_qPSk
SWs4P1VlBbQ,KHGxigA8Jko
rs84dWPEFGU,SWs4P1VlBbQ
oCL8hrh95Uc,rs84dWPEFGU
PfCkp4X2gV0,oCL8hrh95Uc
ExLO-_btIGM,PfCkp4X2gV0
SP5JZXBIQ9c,ExLO-_btIGM
d1DG-wHrlCs,SP5JZXBIQ9c
fV2k2ivttL0,d1DG-wHrlCs
cP1fN6xf3nI,fV2k2ivttL0
8BHpKzahwPM,cP1fN6xf3nI
GxSCRLF37z4,8BHpKzahwPM
U8fLEJREP44,GxSCRLF37z4
20J8lr0M1EY,U8fLEJREP44
-IbOdc46JFU,20J8lr0M1EY
FE3RZsnn2Mo,-IbOdc46JFU
S8qwzHUiRoE,FE3RZsnn2Mo
XRaDIbBAb98,S8qwzHUiRoE
KiA8BnstHLQ,XRaDIbBAb98
vS0khTah3zU,KiA8BnstHLQ
qhRq627zvow,vS0khTah3zU
honXKsVP-wk,qhRq627zvow
ok-M86mjfAQ,honXKsVP-wk
MViI7GPG9xo,ok-M86mjfAQ
Pu_ZzCKw1VQ,MViI7GPG9xo
3ye2OXj32DM,Pu_ZzCKw1VQ
V4mP2pQyou0,3ye2OXj32DM
ujT6nt_hHEc,V4mP2pQyou0
G3OwDpYTJPE,ujT6nt_hHEc
GzpaDTbXMiQ,G3OwDpYTJPE
dBeyFiabVIk,GzpaDTbXMiQ
umRDw1LLjJM,dBeyFiabVIk
sx0UPzztC5o,umRDw1LLjJM
AN5I6fFxyfs,sx0UPzztC5o
IRbggk6J0TA,AN5I6fFxyfs
6WLwtYLeaoM,IRbggk6J0TA
9aZ9k_JjYGY,6WLwtYLeaoM
Kn5ipjXJvpQ,9aZ9k_JjYGY
iEPU99cTzXo,Kn5ipjXJvpQ
zkqH74k1fjY,iEPU99cTzXo
S47aSEqm_0I,zkqH74k1fjY
Ptds1GWxfFM,S47aSEqm_0I
MmCppLiUb-k,Ptds1GWxfFM
cR4rxllyiCs,MmCppLiUb-k
Zsr8kODwr08,cR4rxllyiCs
PGfG-DPosCA,Zsr8kODwr08
dGqsH-1EWmg,PGfG-DPosCA
z2oM0ct9kuc,dGqsH-1EWmg
d39tTuUbDVw,z2oM0ct9kuc
7aQgQGeZ_qo,d39tTuUbDVw
Y3z_ywZlPkg,7aQgQGeZ_qo
qN3g4f2_Xas,Y3z_ywZlPkg
nRu270DVdTY,qN3g4f2_Xas
H8KqNxET-XA,nRu270DVdTY
KTn2LVhQmf0,H8KqNxET-XA
DNaJV4wqeWI,KTn2LVhQmf0
WHWEHwcSI8E,DNaJV4wqeWI
TkCYBNUCpnA,WHWEHwcSI8E
a5n8TMNbyrg,TkCYBNUCpnA
a6NJQ3AMcdo,a5n8TMNbyrg
UiZE1-wlb4o,a6NJQ3AMcdo
GpK36dizqEM,UiZE1-wlb4o
cO5KrmSwhl4,GpK36dizqEM
eCAHcfA-2c8,cO5KrmSwhl4
mzfVimVbguQ,eCAHcfA-2c8
hVPDals5HDE,mzfVimVbguQ
_45M-dO99-M,hVPDals5HDE
U8C48-lCa8g,_45M-dO99-M
dgyPeFemyL8,U8C48-lCa8g
OU3jI8j7Ozw,dgyPeFemyL8
lNkhfuLjK3s,OU3jI8j7Ozw
nKGjVQWPf4w,lNkhfuLjK3s
Nf08BQbZHMQ,nKGjVQWPf4w
63M6vaCXQ3c,Nf08BQbZHMQ
IqdSdbxrTsY,63M6vaCXQ3c
qC2hHLlxqPY,IqdSdbxrTsY
PpB5D5yI1QY,tORLeHHtazM
RR6Ben6qVnE,PpB5D5yI1QY
ng1oliu806U,RR6Ben6qVnE
yxnbvS2t_QA,ng1oliu806U
BA1rnEMBjjQ,yxnbvS2t_QA
E7RMU8kqyd4,BA1rnEMBjjQ
XZ8vB81-tV8,E7RMU8kqyd4
sG6WGvzmVaw,XZ8vB81-tV8
TS2odp6rQHU,sG6WGvzmVaw
8vRZi05VE3Q,TS2odp6rQHU
mTQ6pZB62Lg,8vRZi05VE3Q
pW1kbWljsAk,mTQ6pZB62Lg
jqhQx9U9kok,pW1kbWljsAk
oPVj17gB7gY,jqhQx9U9kok
3LqwxAbOXpM,oPVj17gB7gY
CJQ9qrFo5ko,3LqwxAbOXpM
0HUU612UuXI,CJQ9qrFo5ko
1vvOgSqDKpE,0HUU612UuXI
NpDIRrrXd-Y,1vvOgSqDKpE
86gQZEJIjHw,NpDIRrrXd-Y
A5ts_-xuxnA,86gQZEJIjHw
K6SqhPqL6fY,A5ts_-xuxnA
OPqJv609aIc,K6SqhPqL6fY
h9CxARIB8gY,OPqJv609aIc
pGSwasYOv0o,h9CxARIB8gY
gkEJmMFKtzE,pGSwasYOv0o
D-c7QCzEYy4,gkEJmMFKtzE
0O-JGqUa1aM,D-c7QCzEYy4
PoqDab1JhZY,0O-JGqUa1aM
mZr0StOMam4,PoqDab1JhZY
2Wm_zTKWw3U,mZr0StOMam4
lmXil72qCiQ,2Wm_zTKWw3U
8I5rpAhYk4Y,lmXil72qCiQ
bLzn6RhSb6I,8I5rpAhYk4Y
cOpYHlqis3o,bLzn6RhSb6I
ELp9ytLjupE,cOpYHlqis3o
QQHlZGDpVyA,ELp9ytLjupE
o4YvZfDjKRo,QQHlZGDpVyA
vEy54Wq4Nrw,o4YvZfDjKRo
Xg7BhVHXqLo,vEy54Wq4Nrw
DoNqOcmlg9c,Xg7BhVHXqLo
uc9QZgWle8U,DoNqOcmlg9c
g6ZCpS7Farc,uc9QZgWle8U
LHgp0w8wV78,g6ZCpS7Farc
kJBW4Lhz5f4,LHgp0w8wV78
HshE44J_-rY,kJBW4Lhz5f4
7LGmUi3xS0I,HshE44J_-rY
omuyzDmNaf4,7LGmUi3xS0I
TiwvPlTSqss,omuyzDmNaf4
A-cJBuwLUx8,TiwvPlTSqss
1eUVC4bI7QE,A-cJBuwLUx8
VcO3ja6WS2E,1eUVC4bI7QE
jK5Mh6d9HiE,VcO3ja6WS2E
rFqsuq66Gtc,jK5Mh6d9HiE
ubM-4lZLnJU,rFqsuq66Gtc
fMJl01wbmWE,ubM-4lZLnJU
cNsHV9rsCzE,fMJl01wbmWE
Km45DNEa9mI,cNsHV9rsCzE
pGT6iJ_z5Vs,Km45DNEa9mI
wuQIHnLr30w,pGT6iJ_z5Vs
TWI19UruijI,wuQIHnLr30w
TbvhGcf6UJU,TWI19UruijI
7P53AOKtVdQ,TbvhGcf6UJU
zKCr6uDlq1o,7P53AOKtVdQ
1foc4sbmQb8,zKCr6uDlq1o
BmayUdDaDYM,1foc4sbmQb8
ZKBLirP5jo8,BmayUdDaDYM
kyCibTQQQBE,ZKBLirP5jo8
OAOGY8wZOjI,kyCibTQQQBE
VugQE-SRHa0,Q7hlcuCGbxE
UYv36HV3Sng,VugQE-SRHa0
WnTQTSvpmOs,UYv36HV3Sng
GQvNv9uhmbw,WnTQTSvpmOs
TbRVJKDC1rM,GQvNv9uhmbw
myr_VzA3tS8,TbRVJKDC1rM
DU7IZMciHJE,myr_VzA3tS8
IPlP2R7l-Nc,DU7IZMciHJE
ruClwamT-R0,IPlP2R7l-Nc
ZPPjW4mqI8I,ruClwamT-R0
t7d2pbLidqU,ZPPjW4mqI8I
5pwc2DYlKQU,t7d2pbLidqU
8QpDGVGml6M,5pwc2DYlKQU
uyDUmW2ormk,8QpDGVGml6M
cIlKSD8ptAk,uyDUmW2ormk
JRsN4Oz36QU,cIlKSD8ptAk
WdqdebPmPuQ,JRsN4Oz36QU
Ejpxgrv_9n8,WdqdebPmPuQ
FQWTa3XjyWg,Ejpxgrv_9n8
TfkPs9VvPrY,FQWTa3XjyWg
8NcBcsIdPSA,TfkPs9VvPrY
vu6eLFmrwaA,8NcBcsIdPSA
4Vy_bq1oWyg,vu6eLFmrwaA
cqmJoI4QwYg,4Vy_bq1oWyg
94evBUo8EiE,cqmJoI4QwYg
q9THx--fAFw,94evBUo8EiE
xZpyjp5IVo0,q9THx--fAFw
o0MyjvrqdiQ,xZpyjp5IVo0
VA4kWwJc9Uo,o0MyjvrqdiQ
AMWwXjiTCRs,VA4kWwJc9Uo
mAK9KklkRYY,AMWwXjiTCRs
_ffzSGKgJcE,mAK9KklkRYY
ZD3Ai0BHYAQ,_ffzSGKgJcE
QmoD_ELFMgo,ZD3Ai0BHYAQ
QbczPuEphUY,QmoD_ELFMgo
QhKIaK4ReUA,QbczPuEphUY
TNIaPKDu678,QhKIaK4ReUA
-zk6FlSADvQ,TNIaPKDu678
TdtFxXo2zpg,-zk6FlSADvQ
GiBG9_6w3hw,TdtFxXo2zpg
-_SHiJTOZDc,GiBG9_6w3hw
jBUfYN5plOY,-_SHiJTOZDc
wb6kEUGV7TA,ThnCx4MTVNw
-2IIWuAYeVQ,wb6kEUGV7TA
wdGiekwXM2w,-2IIWuAYeVQ
Um0v5t8jjcQ,wdGiekwXM2w
EbNJ05EVXs0,Um0v5t8jjcQ
6vcdaVuTDT0,EbNJ05EVXs0
eGopmXP7j5A,6vcdaVuTDT0
lECb8emmN0M,eGopmXP7j5A
m31K9yGf_fQ,lECb8emmN0M
YZ6ij0EUmKY,m31K9yGf_fQ
ifgs0uypC78,YZ6ij0EUmKY
Yamz14tjcxQ,ifgs0uypC78
wbp5DDSCrUw,Yamz14tjcxQ
AXgfeV568c8,wbp5DDSCrUw
93PD9CqcZTg,AXgfeV568c8
rgf5vvhw0Vo,93PD9CqcZTg
VSA_zJVDuWk,rgf5vvhw0Vo
gmoC8xC4MGw,VSA_zJVDuWk
EUzsy3W4I0g,gmoC8xC4MGw
CNu5RDittrE,EUzsy3W4I0g
pnunzdvezto,CNu5RDittrE
TrlqZ_cIKhw,pnunzdvezto
bpB2rLqiiJU,TrlqZ_cIKhw
-veRB2oClx4,bpB2rLqiiJU
9LHTQsDspjE,-veRB2oClx4
wi7T8rP2zMM,9LHTQsDspjE
SO-oXQgvJt4,wi7T8rP2zMM
d0OxV2rA398,SO-oXQgvJt4
krsvQHIGhvc,d0OxV2rA398
qAIpx8vKqPw,krsvQHIGhvc
c1Ou_yqXjoo,qAIpx8vKqPw
kubJIJMOS8I,c1Ou_yqXjoo
1qOMlqE6LhU,kubJIJMOS8I
wfvg4rE7WpM,1qOMlqE6LhU
ajdPLgNSAgk,wfvg4rE7WpM
03fhijH6e2w,ajdPLgNSAgk
Xk-MTgB68rQ,03fhijH6e2w
myVbSSyZtr4,Xk-MTgB68rQ
LiSEdc9RpLU,myVbSSyZtr4
fJaPlsVIzio,LiSEdc9RpLU
CnCFj4o_e9Q,fJaPlsVIzio
QnyLvrVbpTE,CnCFj4o_e9Q
hfmK6Oc0QlU,QnyLvrVbpTE
tnOOiSjTI8I,hfmK6Oc0QlU
VyeLZQ7cZmI,tnOOiSjTI8I
hjVNKeVdKcs,VyeLZQ7cZmI
ACTFY2k4Fhk,hjVNKeVdKcs
2y17L618vWs,ACTFY2k4Fhk
QEtWL4lWlL4,2y17L618vWs
sCmsrSBJT8A,QEtWL4lWlL4
ikSbPwwjpKw,sCmsrSBJT8A
GH8yBBC9n3Y,FKA794QD2fI
ceuXLsuZhLE,GH8yBBC9n3Y
L2oWDL3Msaw,ceuXLsuZhLE
mRGQylRWAsI,L2oWDL3Msaw
_i4wxceXNsI,mRGQylRWAsI
MKrhoMK7Mn0,_i4wxceXNsI
8PKHtRE2um0,MKrhoMK7Mn0
BnIlVgZbqV0,8PKHtRE2um0
mMK-TlvH5c4,BnIlVgZbqV0
eskFflL7Ny0,mMK-TlvH5c4
z2yqmHClVO8,eskFflL7Ny0
frDyLjZva9M,z2yqmHClVO8
Rzl13ESnVWY,frDyLjZva9M
cJ7hmwHVwtc,Rzl13ESnVWY
wkYnrTADrWI,cJ7hmwHVwtc
CeOV_tVo970,wkYnrTADrWI
AKOWGChr9iA,CeOV_tVo970
ky17zbYo4Rw,AKOWGChr9iA
Q7pb3EectLo,ky17zbYo4Rw
KwMB-JP74YE,Q7pb3EectLo
HNtNeyOVh38,KwMB-JP74YE
k2ajK9uM0Co,HNtNeyOVh38
LQHKz1jcARY,k2ajK9uM0Co
4N14CdtvzqM,LQHKz1jcARY
lZJI_Fth66A,4N14CdtvzqM
BF_ngWfgv3g,lZJI_Fth66A
mb5wV4AqXso,BF_ngWfgv3g
c59E5b0pcyw,mb5wV4AqXso
SDllHfhXZmQ,c59E5b0pcyw
piuWSMLNeco,SDllHfhXZmQ
nc1yivH1Yac,piuWSMLNeco
RlQYb3FZtQ8,nc1yivH1Yac
RkAE4zE4uSE,RlQYb3FZtQ8
_Pvu1599vFU,RkAE4zE4uSE
qpCvPS-WwGA,_Pvu1599vFU
iMJ1qWKmZXE,qpCvPS-WwGA
ATsAl_t52xY,iMJ1qWKmZXE
OkncKzflw8I,ATsAl_t52xY
tPcTenIPQm4,OkncKzflw8I
Qab0d7rwWhI,x8s2jJGCT8M
VYqHjvWQRec,Qab0d7rwWhI
zMv5QI-5bjo,VYqHjvWQRec
IBL9MqvpPlM,zMv5QI-5bjo
2idtvCcOna8,IBL9MqvpPlM
-jtic_EX3xM,2idtvCcOna8
ZUPE7YEaXbk,-jtic_EX3xM
-4mLOLHSnMw,ZUPE7YEaXbk
OBp8klRZdDw,-4mLOLHSnMw
2Xp1c-Zw1zk,OBp8klRZdDw
0XJPzek__nw,2Xp1c-Zw1zk
YZ_z2mE_6Vs,0XJPzek__nw
YSr5zmVqZLI,YZ_z2mE_6Vs
g28LSN0cCfw,YSr5zmVqZLI
GE1YyJ4A_7w,R36g6qit1bE
ryKmxjqG_e0,GE1YyJ4A_7w
ZPQqmocI2kI,ryKmxjqG_e0
s7u6Ti1MrmU,ZPQqmocI2kI
ayP5Ey-djgw,s7u6Ti1MrmU
hScleoVj0pw,ayP5Ey-djgw
8j4Z0IrS96Q,hScleoVj0pw
buhZRdH58W0,8j4Z0IrS96Q
BKkpEjbD8xM,buhZRdH58W0
q6VbIk4ELAA,BKkpEjbD8xM
ILyRgG9Rs0U,q6VbIk4ELAA
vo7LN-zMI2s,ILyRgG9Rs0U
dkAr9ThdSUU,vo7LN-zMI2s
EO4B_ykP8f8,dkAr9ThdSUU
4kPPSWdKTBw,EO4B_ykP8f8
SgXOXg6gYHw,4kPPSWdKTBw
y3CtaMFMxjc,SgXOXg6gYHw
5wRPin4oxCo,y3CtaMFMxjc
7gcnji89Hkm,5wRPin4oxCo
hidnf6Kj2By,7gcnji89Hkm
8bnkKnmw3Q2,hidnf6Kj2By
Hvubf8g4jhb,8bnkKnmw3Q2
mhuGT6gjE8h,Hvubf8g4jhb
NIbh7bk9k0n,mhuGT6gjE8h
cnjU2Bijm1d,NIbh7bk9k0n
khjbs8H7Bqf,cnjU2Bijm1d
i8dG6jF3naO,khjbs8H7Bqf
cnOnj3bBq7S,i8dG6jF3naO
Bhwi5N1dnv3,cnOnj3bBq7S
xdGaO2NwdeS,Bhwi5N1dnv3
6biqHnG8wjM,xdGaO2NwdeS
Niwn9mkTb3x,6biqHnG8wjM
Jnsu2jd9sBs,hjiG6Vjw5vG
Nhu2a8Hb3hK,Jnsu2jd9sBs
Lkw9H2bsk8H,Nhu2a8Hb3hK
bu9Hh1hVG8b,Lkw9H2bsk8H
bhy2G8axhY8,bu9Hh1hVG8b
tUh2gV8g2Ue,bhy2G8axhY8
Bu8haH8gahk,tUh2gV8g2Ue
B7skL7gyg3H,Bu8haH8gahk
sjwu8bUHa8B,B7skL7gyg3H
n9uhU3hBhua,sjwu8bUHa8B
Hus2b7ygYg8,n9uhU3hBhua
Huwb9hBus6V,Hus2b7ygYg8
Jubs7Gsy7bs,Huwb9hBus6V
biKeJmEkbA1,Jubs7Gsy7bs
LObukme4YCa,biKeJmEkbA1
vcxVYxusPI9,LObukme4YCa
9UVgklPAiw2,vcxVYxusPI9
LKopqruvB7k,9UVgklPAiw2
uvdcGF6S5kj,LKopqruvB7k
HSDFbuVY3Wl,uvdcGF6S5kj
3MFhuyekL9O,HSDFbuVY3Wl
KPqL1e8G8le,3MFhuyekL9O
AB6eB_G8K1p,KPqL1e8G8le
MNLk7eBG8ku,AB6eB_G8K1p
AbklM0O-le1,MNLk7eBG8ku